fqdn,ip_addr,port,cloud_type,method,origin_url,url,vendor_name,prod_name,prod_version,prod_trigger,prod_type,prod_vuln,origin_login,origin_login_trigger,wrong_comment,error_msg,server_header,log,date
testphp.vulnweb.com,44.228.249.3,80,Unknown,Crawling,http://testphp.vulnweb.com/,http://testphp.vulnweb.com:80/artists.php?artist=3,-,-,-,-,-,-,"Log : 25.0 %
Url : 0.0 %","Log : Name""@Name'
Url : -",-,-,Server: nginx/1.19.0,/home/anubhav/tools/smart_scan/logs/testphp.vulnweb.com_80/http_testphp.vulnweb.com_80_20230512121102629.log,2023/05/12 12:11:02
testphp.vulnweb.com,44.228.249.3,80,Unknown,Crawling,http://testphp.vulnweb.com/,http://testphp.vulnweb.com:80/artists.php?artist=3,nginx,nginx,*,nginx,Web,Cannot search.,"Log : 25.0 %
Url : 0.0 %","Log : Name""@Name'
Url : -",-,-,Server: nginx/1.19.0,/home/anubhav/tools/smart_scan/logs/testphp.vulnweb.com_80/http_testphp.vulnweb.com_80_20230512121102629.log,2023/05/12 12:11:02
testphp.vulnweb.com,44.228.249.3,80,Unknown,Crawling,http://testphp.vulnweb.com/,http://testphp.vulnweb.com:80/artists.php?artist=3,nginx,nginx,1.19.0,nginx/1.19.0,Web,Cannot search.,"Log : 25.0 %
Url : 0.0 %","Log : Name""@Name'
Url : -",-,-,Server: nginx/1.19.0,/home/anubhav/tools/smart_scan/logs/testphp.vulnweb.com_80/http_testphp.vulnweb.com_80_20230512121102629.log,2023/05/12 12:11:02
testphp.vulnweb.com,44.228.249.3,80,Unknown,Crawling,http://testphp.vulnweb.com/,http://testphp.vulnweb.com:80/artists.php?artist=3,php,php,5.6.40,PHP/5.6.40,Language,Cannot search.,"Log : 25.0 %
Url : 0.0 %","Log : Name""@Name'
Url : -",-,-,Server: nginx/1.19.0,/home/anubhav/tools/smart_scan/logs/testphp.vulnweb.com_80/http_testphp.vulnweb.com_80_20230512121102629.log,2023/05/12 12:11:02
testphp.vulnweb.com,44.228.249.3,80,Unknown,Crawling,http://testphp.vulnweb.com/,http://testphp.vulnweb.com:80/artists.php?artist=3,-,-,-,-,-,-,"Log : 25.0 %
Url : 0.0 %","Log : Name""@Name'
Url : -",-,"""<b>Warning</b>: This is not a real shop. This is an example PHP""",Server: nginx/1.19.0,/home/anubhav/tools/smart_scan/logs/testphp.vulnweb.com_80/http_testphp.vulnweb.com_80_20230512121102629.log,2023/05/12 12:11:02
testphp.vulnweb.com,44.228.249.3,80,Unknown,Crawling,http://testphp.vulnweb.com/,http://testphp.vulnweb.com:80/artists.php?artist=3,-,-,-,-,-,-,"Log : 25.0 %
Url : 0.0 %","Log : Name""@Name'
Url : -",-,"""errors""",Server: nginx/1.19.0,/home/anubhav/tools/smart_scan/logs/testphp.vulnweb.com_80/http_testphp.vulnweb.com_80_20230512121102629.log,2023/05/12 12:11:02
testphp.vulnweb.com,44.228.249.3,80,Unknown,Crawling,http://testphp.vulnweb.com/,http://testphp.vulnweb.com:80/guestbook.php,-,-,-,-,-,-,"Log : 25.0 %
Url : 0.0 %","Log : Name""@name""
Url : -",-,-,Server: nginx/1.19.0,/home/anubhav/tools/smart_scan/logs/testphp.vulnweb.com_80/http_testphp.vulnweb.com_80_20230512121106073.log,2023/05/12 12:11:06
testphp.vulnweb.com,44.228.249.3,80,Unknown,Crawling,http://testphp.vulnweb.com/,http://testphp.vulnweb.com:80/guestbook.php,nginx,nginx,*,nginx,Web,Cannot search.,"Log : 25.0 %
Url : 0.0 %","Log : Name""@name""
Url : -",-,-,Server: nginx/1.19.0,/home/anubhav/tools/smart_scan/logs/testphp.vulnweb.com_80/http_testphp.vulnweb.com_80_20230512121106073.log,2023/05/12 12:11:06
testphp.vulnweb.com,44.228.249.3,80,Unknown,Crawling,http://testphp.vulnweb.com/,http://testphp.vulnweb.com:80/guestbook.php,nginx,nginx,1.19.0,nginx/1.19.0,Web,Cannot search.,"Log : 25.0 %
Url : 0.0 %","Log : Name""@name""
Url : -",-,-,Server: nginx/1.19.0,/home/anubhav/tools/smart_scan/logs/testphp.vulnweb.com_80/http_testphp.vulnweb.com_80_20230512121106073.log,2023/05/12 12:11:06
testphp.vulnweb.com,44.228.249.3,80,Unknown,Crawling,http://testphp.vulnweb.com/,http://testphp.vulnweb.com:80/guestbook.php,php,php,5.6.40,PHP/5.6.40,Language,Cannot search.,"Log : 25.0 %
Url : 0.0 %","Log : Name""@name""
Url : -",-,-,Server: nginx/1.19.0,/home/anubhav/tools/smart_scan/logs/testphp.vulnweb.com_80/http_testphp.vulnweb.com_80_20230512121106073.log,2023/05/12 12:11:06
testphp.vulnweb.com,44.228.249.3,80,Unknown,Crawling,http://testphp.vulnweb.com/,http://testphp.vulnweb.com:80/guestbook.php,-,-,-,-,-,-,"Log : 25.0 %
Url : 0.0 %","Log : Name""@name""
Url : -",-,"""<b>Warning</b>: This is not a real shop. This is an example PHP""",Server: nginx/1.19.0,/home/anubhav/tools/smart_scan/logs/testphp.vulnweb.com_80/http_testphp.vulnweb.com_80_20230512121106073.log,2023/05/12 12:11:06
testphp.vulnweb.com,44.228.249.3,80,Unknown,Crawling,http://testphp.vulnweb.com/,http://testphp.vulnweb.com:80/guestbook.php,-,-,-,-,-,-,"Log : 25.0 %
Url : 0.0 %","Log : Name""@name""
Url : -",-,"""errors""",Server: nginx/1.19.0,/home/anubhav/tools/smart_scan/logs/testphp.vulnweb.com_80/http_testphp.vulnweb.com_80_20230512121106073.log,2023/05/12 12:11:06
testphp.vulnweb.com,44.228.249.3,80,Unknown,Crawling,http://testphp.vulnweb.com/,http://testphp.vulnweb.com:80/,-,-,-,-,-,-,"Log : 25.0 %
Url : 0.0 %","Log : Name""
Url : -",-,-,Server: nginx/1.19.0,/home/anubhav/tools/smart_scan/logs/testphp.vulnweb.com_80/http_testphp.vulnweb.com_80_20230512121108044.log,2023/05/12 12:11:08
testphp.vulnweb.com,44.228.249.3,80,Unknown,Crawling,http://testphp.vulnweb.com/,http://testphp.vulnweb.com:80/,nginx,nginx,*,nginx,Web,Cannot search.,"Log : 25.0 %
Url : 0.0 %","Log : Name""
Url : -",-,-,Server: nginx/1.19.0,/home/anubhav/tools/smart_scan/logs/testphp.vulnweb.com_80/http_testphp.vulnweb.com_80_20230512121108044.log,2023/05/12 12:11:08
testphp.vulnweb.com,44.228.249.3,80,Unknown,Crawling,http://testphp.vulnweb.com/,http://testphp.vulnweb.com:80/,nginx,nginx,1.19.0,nginx/1.19.0,Web,Cannot search.,"Log : 25.0 %
Url : 0.0 %","Log : Name""
Url : -",-,-,Server: nginx/1.19.0,/home/anubhav/tools/smart_scan/logs/testphp.vulnweb.com_80/http_testphp.vulnweb.com_80_20230512121108044.log,2023/05/12 12:11:08
testphp.vulnweb.com,44.228.249.3,80,Unknown,Crawling,http://testphp.vulnweb.com/,http://testphp.vulnweb.com:80/,php,php,5.6.40,PHP/5.6.40,Language,Cannot search.,"Log : 25.0 %
Url : 0.0 %","Log : Name""
Url : -",-,-,Server: nginx/1.19.0,/home/anubhav/tools/smart_scan/logs/testphp.vulnweb.com_80/http_testphp.vulnweb.com_80_20230512121108044.log,2023/05/12 12:11:08
testphp.vulnweb.com,44.228.249.3,80,Unknown,Crawling,http://testphp.vulnweb.com/,http://testphp.vulnweb.com:80/,-,-,-,-,-,-,"Log : 25.0 %
Url : 0.0 %","Log : Name""
Url : -",-,"""<b>Warning</b>: This is not a real shop. This is an example PHP""",Server: nginx/1.19.0,/home/anubhav/tools/smart_scan/logs/testphp.vulnweb.com_80/http_testphp.vulnweb.com_80_20230512121108044.log,2023/05/12 12:11:08
testphp.vulnweb.com,44.228.249.3,80,Unknown,Crawling,http://testphp.vulnweb.com/,http://testphp.vulnweb.com:80/,-,-,-,-,-,-,"Log : 25.0 %
Url : 0.0 %","Log : Name""
Url : -",-,"""errors""",Server: nginx/1.19.0,/home/anubhav/tools/smart_scan/logs/testphp.vulnweb.com_80/http_testphp.vulnweb.com_80_20230512121108044.log,2023/05/12 12:11:08
testphp.vulnweb.com,44.228.249.3,80,Unknown,Crawling,http://testphp.vulnweb.com/,http://testphp.vulnweb.com:80/listproducts.php?cat=2,-,-,-,-,-,-,"Log : 25.0 %
Url : 0.0 %","Log : Name""@Name'
Url : -",-,-,Server: nginx/1.19.0,/home/anubhav/tools/smart_scan/logs/testphp.vulnweb.com_80/http_testphp.vulnweb.com_80_20230512121109988.log,2023/05/12 12:11:09
testphp.vulnweb.com,44.228.249.3,80,Unknown,Crawling,http://testphp.vulnweb.com/,http://testphp.vulnweb.com:80/listproducts.php?cat=2,nginx,nginx,*,nginx,Web,Cannot search.,"Log : 25.0 %
Url : 0.0 %","Log : Name""@Name'
Url : -",-,-,Server: nginx/1.19.0,/home/anubhav/tools/smart_scan/logs/testphp.vulnweb.com_80/http_testphp.vulnweb.com_80_20230512121109988.log,2023/05/12 12:11:09
testphp.vulnweb.com,44.228.249.3,80,Unknown,Crawling,http://testphp.vulnweb.com/,http://testphp.vulnweb.com:80/listproducts.php?cat=2,nginx,nginx,1.19.0,nginx/1.19.0,Web,Cannot search.,"Log : 25.0 %
Url : 0.0 %","Log : Name""@Name'
Url : -",-,-,Server: nginx/1.19.0,/home/anubhav/tools/smart_scan/logs/testphp.vulnweb.com_80/http_testphp.vulnweb.com_80_20230512121109988.log,2023/05/12 12:11:09
testphp.vulnweb.com,44.228.249.3,80,Unknown,Crawling,http://testphp.vulnweb.com/,http://testphp.vulnweb.com:80/listproducts.php?cat=2,php,php,5.6.40,PHP/5.6.40,Language,Cannot search.,"Log : 25.0 %
Url : 0.0 %","Log : Name""@Name'
Url : -",-,-,Server: nginx/1.19.0,/home/anubhav/tools/smart_scan/logs/testphp.vulnweb.com_80/http_testphp.vulnweb.com_80_20230512121109988.log,2023/05/12 12:11:09
testphp.vulnweb.com,44.228.249.3,80,Unknown,Crawling,http://testphp.vulnweb.com/,http://testphp.vulnweb.com:80/listproducts.php?cat=2,-,-,-,-,-,-,"Log : 25.0 %
Url : 0.0 %","Log : Name""@Name'
Url : -",-,"""<b>Warning</b>: This is not a real shop. This is an example PHP""",Server: nginx/1.19.0,/home/anubhav/tools/smart_scan/logs/testphp.vulnweb.com_80/http_testphp.vulnweb.com_80_20230512121109988.log,2023/05/12 12:11:09
testphp.vulnweb.com,44.228.249.3,80,Unknown,Crawling,http://testphp.vulnweb.com/,http://testphp.vulnweb.com:80/listproducts.php?cat=2,-,-,-,-,-,-,"Log : 25.0 %
Url : 0.0 %","Log : Name""@Name'
Url : -",-,"""errors""",Server: nginx/1.19.0,/home/anubhav/tools/smart_scan/logs/testphp.vulnweb.com_80/http_testphp.vulnweb.com_80_20230512121109988.log,2023/05/12 12:11:09
testphp.vulnweb.com,44.228.249.3,80,Unknown,Crawling,http://testphp.vulnweb.com/,http://testphp.vulnweb.com:80/signup.php,-,-,-,-,-,-,"Log : 37.5 %
Url : 0.0 %","Log : Name""@<input type=""password""@name""
Url : -",-,-,Server: nginx/1.19.0,/home/anubhav/tools/smart_scan/logs/testphp.vulnweb.com_80/http_testphp.vulnweb.com_80_20230512121112150.log,2023/05/12 12:11:12
testphp.vulnweb.com,44.228.249.3,80,Unknown,Crawling,http://testphp.vulnweb.com/,http://testphp.vulnweb.com:80/signup.php,nginx,nginx,*,nginx,Web,Cannot search.,"Log : 37.5 %
Url : 0.0 %","Log : Name""@<input type=""password""@name""
Url : -",-,-,Server: nginx/1.19.0,/home/anubhav/tools/smart_scan/logs/testphp.vulnweb.com_80/http_testphp.vulnweb.com_80_20230512121112150.log,2023/05/12 12:11:12
testphp.vulnweb.com,44.228.249.3,80,Unknown,Crawling,http://testphp.vulnweb.com/,http://testphp.vulnweb.com:80/signup.php,nginx,nginx,1.19.0,nginx/1.19.0,Web,Cannot search.,"Log : 37.5 %
Url : 0.0 %","Log : Name""@<input type=""password""@name""
Url : -",-,-,Server: nginx/1.19.0,/home/anubhav/tools/smart_scan/logs/testphp.vulnweb.com_80/http_testphp.vulnweb.com_80_20230512121112150.log,2023/05/12 12:11:12
testphp.vulnweb.com,44.228.249.3,80,Unknown,Crawling,http://testphp.vulnweb.com/,http://testphp.vulnweb.com:80/signup.php,php,php,5.6.40,PHP/5.6.40,Language,Cannot search.,"Log : 37.5 %
Url : 0.0 %","Log : Name""@<input type=""password""@name""
Url : -",-,-,Server: nginx/1.19.0,/home/anubhav/tools/smart_scan/logs/testphp.vulnweb.com_80/http_testphp.vulnweb.com_80_20230512121112150.log,2023/05/12 12:11:12
testphp.vulnweb.com,44.228.249.3,80,Unknown,Crawling,http://testphp.vulnweb.com/,http://testphp.vulnweb.com:80/signup.php,-,-,-,-,-,-,"Log : 37.5 %
Url : 0.0 %","Log : Name""@<input type=""password""@name""
Url : -",-,"""<b>Warning</b>: This is not a real shop. This is an example PHP""",Server: nginx/1.19.0,/home/anubhav/tools/smart_scan/logs/testphp.vulnweb.com_80/http_testphp.vulnweb.com_80_20230512121112150.log,2023/05/12 12:11:12
testphp.vulnweb.com,44.228.249.3,80,Unknown,Crawling,http://testphp.vulnweb.com/,http://testphp.vulnweb.com:80/signup.php,-,-,-,-,-,-,"Log : 37.5 %
Url : 0.0 %","Log : Name""@<input type=""password""@name""
Url : -",-,"""errors""",Server: nginx/1.19.0,/home/anubhav/tools/smart_scan/logs/testphp.vulnweb.com_80/http_testphp.vulnweb.com_80_20230512121112150.log,2023/05/12 12:11:12
testphp.vulnweb.com,44.228.249.3,80,Unknown,Crawling,http://testphp.vulnweb.com/,http://testphp.vulnweb.com:80/listproducts.php?cat=1,-,-,-,-,-,-,"Log : 25.0 %
Url : 0.0 %","Log : Name""@Name'
Url : -",-,-,Server: nginx/1.19.0,/home/anubhav/tools/smart_scan/logs/testphp.vulnweb.com_80/http_testphp.vulnweb.com_80_20230512121114013.log,2023/05/12 12:11:14
testphp.vulnweb.com,44.228.249.3,80,Unknown,Crawling,http://testphp.vulnweb.com/,http://testphp.vulnweb.com:80/listproducts.php?cat=1,nginx,nginx,*,nginx,Web,Cannot search.,"Log : 25.0 %
Url : 0.0 %","Log : Name""@Name'
Url : -",-,-,Server: nginx/1.19.0,/home/anubhav/tools/smart_scan/logs/testphp.vulnweb.com_80/http_testphp.vulnweb.com_80_20230512121114013.log,2023/05/12 12:11:14
testphp.vulnweb.com,44.228.249.3,80,Unknown,Crawling,http://testphp.vulnweb.com/,http://testphp.vulnweb.com:80/listproducts.php?cat=1,nginx,nginx,1.19.0,nginx/1.19.0,Web,Cannot search.,"Log : 25.0 %
Url : 0.0 %","Log : Name""@Name'
Url : -",-,-,Server: nginx/1.19.0,/home/anubhav/tools/smart_scan/logs/testphp.vulnweb.com_80/http_testphp.vulnweb.com_80_20230512121114013.log,2023/05/12 12:11:14
testphp.vulnweb.com,44.228.249.3,80,Unknown,Crawling,http://testphp.vulnweb.com/,http://testphp.vulnweb.com:80/listproducts.php?cat=1,php,php,5.6.40,PHP/5.6.40,Language,Cannot search.,"Log : 25.0 %
Url : 0.0 %","Log : Name""@Name'
Url : -",-,-,Server: nginx/1.19.0,/home/anubhav/tools/smart_scan/logs/testphp.vulnweb.com_80/http_testphp.vulnweb.com_80_20230512121114013.log,2023/05/12 12:11:14
testphp.vulnweb.com,44.228.249.3,80,Unknown,Crawling,http://testphp.vulnweb.com/,http://testphp.vulnweb.com:80/listproducts.php?cat=1,-,-,-,-,-,-,"Log : 25.0 %
Url : 0.0 %","Log : Name""@Name'
Url : -",-,"""<b>Warning</b>: This is not a real shop. This is an example PHP""",Server: nginx/1.19.0,/home/anubhav/tools/smart_scan/logs/testphp.vulnweb.com_80/http_testphp.vulnweb.com_80_20230512121114013.log,2023/05/12 12:11:14
testphp.vulnweb.com,44.228.249.3,80,Unknown,Crawling,http://testphp.vulnweb.com/,http://testphp.vulnweb.com:80/listproducts.php?cat=1,-,-,-,-,-,-,"Log : 25.0 %
Url : 0.0 %","Log : Name""@Name'
Url : -",-,"""errors""",Server: nginx/1.19.0,/home/anubhav/tools/smart_scan/logs/testphp.vulnweb.com_80/http_testphp.vulnweb.com_80_20230512121114013.log,2023/05/12 12:11:14
testphp.vulnweb.com,44.228.249.3,80,Unknown,Crawling,http://testphp.vulnweb.com/,http://testphp.vulnweb.com:80/hpp/,-,-,-,-,-,-,"Log : - %
Url : 0.0 %","Log : -
Url : -",-,-,Server: nginx/1.19.0,/home/anubhav/tools/smart_scan/logs/testphp.vulnweb.com_80/http_testphp.vulnweb.com_80_20230512121118217.log,2023/05/12 12:11:18
testphp.vulnweb.com,44.228.249.3,80,Unknown,Crawling,http://testphp.vulnweb.com/,http://testphp.vulnweb.com:80/hpp/,nginx,nginx,*,nginx,Web,Cannot search.,"Log : - %
Url : 0.0 %","Log : -
Url : -",-,-,Server: nginx/1.19.0,/home/anubhav/tools/smart_scan/logs/testphp.vulnweb.com_80/http_testphp.vulnweb.com_80_20230512121118217.log,2023/05/12 12:11:18
testphp.vulnweb.com,44.228.249.3,80,Unknown,Crawling,http://testphp.vulnweb.com/,http://testphp.vulnweb.com:80/hpp/,nginx,nginx,1.19.0,nginx/1.19.0,Web,Cannot search.,"Log : - %
Url : 0.0 %","Log : -
Url : -",-,-,Server: nginx/1.19.0,/home/anubhav/tools/smart_scan/logs/testphp.vulnweb.com_80/http_testphp.vulnweb.com_80_20230512121118217.log,2023/05/12 12:11:18
testphp.vulnweb.com,44.228.249.3,80,Unknown,Crawling,http://testphp.vulnweb.com/,http://testphp.vulnweb.com:80/hpp/,php,php,5.6.40,PHP/5.6.40,Language,Cannot search.,"Log : - %
Url : 0.0 %","Log : -
Url : -",-,-,Server: nginx/1.19.0,/home/anubhav/tools/smart_scan/logs/testphp.vulnweb.com_80/http_testphp.vulnweb.com_80_20230512121118217.log,2023/05/12 12:11:18
testphp.vulnweb.com,44.228.249.3,80,Unknown,Crawling,http://testphp.vulnweb.com/,http://testphp.vulnweb.com:80/privacy.php,-,-,-,-,-,-,"Log : - %
Url : 0.0 %","Log : -
Url : -",-,-,Server: nginx/1.19.0,/home/anubhav/tools/smart_scan/logs/testphp.vulnweb.com_80/http_testphp.vulnweb.com_80_20230512121120411.log,2023/05/12 12:11:20
testphp.vulnweb.com,44.228.249.3,80,Unknown,Crawling,http://testphp.vulnweb.com/,http://testphp.vulnweb.com:80/privacy.php,nginx,nginx,*,nginx,Web,Cannot search.,"Log : - %
Url : 0.0 %","Log : -
Url : -",-,-,Server: nginx/1.19.0,/home/anubhav/tools/smart_scan/logs/testphp.vulnweb.com_80/http_testphp.vulnweb.com_80_20230512121120411.log,2023/05/12 12:11:20
testphp.vulnweb.com,44.228.249.3,80,Unknown,Crawling,http://testphp.vulnweb.com/,http://testphp.vulnweb.com:80/privacy.php,nginx,nginx,1.19.0,nginx/1.19.0,Web,Cannot search.,"Log : - %
Url : 0.0 %","Log : -
Url : -",-,-,Server: nginx/1.19.0,/home/anubhav/tools/smart_scan/logs/testphp.vulnweb.com_80/http_testphp.vulnweb.com_80_20230512121120411.log,2023/05/12 12:11:20
testphp.vulnweb.com,44.228.249.3,80,Unknown,Crawling,http://testphp.vulnweb.com/,http://testphp.vulnweb.com:80/privacy.php,php,php,5.6.40,PHP/5.6.40,Language,Cannot search.,"Log : - %
Url : 0.0 %","Log : -
Url : -",-,-,Server: nginx/1.19.0,/home/anubhav/tools/smart_scan/logs/testphp.vulnweb.com_80/http_testphp.vulnweb.com_80_20230512121120411.log,2023/05/12 12:11:20
testphp.vulnweb.com,44.228.249.3,80,Unknown,Crawling,http://testphp.vulnweb.com/,http://testphp.vulnweb.com:80/userinfo.php,-,-,-,-,-,-,"Log : - %
Url : 0.0 %","Log : -
Url : -",-,-,Server: nginx/1.19.0,/home/anubhav/tools/smart_scan/logs/testphp.vulnweb.com_80/http_testphp.vulnweb.com_80_20230512121121848.log,2023/05/12 12:11:21
testphp.vulnweb.com,44.228.249.3,80,Unknown,Crawling,http://testphp.vulnweb.com/,http://testphp.vulnweb.com:80/userinfo.php,nginx,nginx,*,nginx,Web,Cannot search.,"Log : - %
Url : 0.0 %","Log : -
Url : -",-,-,Server: nginx/1.19.0,/home/anubhav/tools/smart_scan/logs/testphp.vulnweb.com_80/http_testphp.vulnweb.com_80_20230512121121848.log,2023/05/12 12:11:21
testphp.vulnweb.com,44.228.249.3,80,Unknown,Crawling,http://testphp.vulnweb.com/,http://testphp.vulnweb.com:80/userinfo.php,nginx,nginx,1.19.0,nginx/1.19.0,Web,Cannot search.,"Log : - %
Url : 0.0 %","Log : -
Url : -",-,-,Server: nginx/1.19.0,/home/anubhav/tools/smart_scan/logs/testphp.vulnweb.com_80/http_testphp.vulnweb.com_80_20230512121121848.log,2023/05/12 12:11:21
testphp.vulnweb.com,44.228.249.3,80,Unknown,Crawling,http://testphp.vulnweb.com/,http://testphp.vulnweb.com:80/userinfo.php,php,php,5.6.40,PHP/5.6.40,Language,Cannot search.,"Log : - %
Url : 0.0 %","Log : -
Url : -",-,-,Server: nginx/1.19.0,/home/anubhav/tools/smart_scan/logs/testphp.vulnweb.com_80/http_testphp.vulnweb.com_80_20230512121121848.log,2023/05/12 12:11:21
testphp.vulnweb.com,44.228.249.3,80,Unknown,Crawling,http://testphp.vulnweb.com/,http://testphp.vulnweb.com:80/artists.php?artist=2,-,-,-,-,-,-,"Log : 25.0 %
Url : 0.0 %","Log : Name""@Name'
Url : -",-,-,Server: nginx/1.19.0,/home/anubhav/tools/smart_scan/logs/testphp.vulnweb.com_80/http_testphp.vulnweb.com_80_20230512121123062.log,2023/05/12 12:11:23
testphp.vulnweb.com,44.228.249.3,80,Unknown,Crawling,http://testphp.vulnweb.com/,http://testphp.vulnweb.com:80/artists.php?artist=2,nginx,nginx,*,nginx,Web,Cannot search.,"Log : 25.0 %
Url : 0.0 %","Log : Name""@Name'
Url : -",-,-,Server: nginx/1.19.0,/home/anubhav/tools/smart_scan/logs/testphp.vulnweb.com_80/http_testphp.vulnweb.com_80_20230512121123062.log,2023/05/12 12:11:23
testphp.vulnweb.com,44.228.249.3,80,Unknown,Crawling,http://testphp.vulnweb.com/,http://testphp.vulnweb.com:80/artists.php?artist=2,nginx,nginx,1.19.0,nginx/1.19.0,Web,Cannot search.,"Log : 25.0 %
Url : 0.0 %","Log : Name""@Name'
Url : -",-,-,Server: nginx/1.19.0,/home/anubhav/tools/smart_scan/logs/testphp.vulnweb.com_80/http_testphp.vulnweb.com_80_20230512121123062.log,2023/05/12 12:11:23
testphp.vulnweb.com,44.228.249.3,80,Unknown,Crawling,http://testphp.vulnweb.com/,http://testphp.vulnweb.com:80/artists.php?artist=2,php,php,5.6.40,PHP/5.6.40,Language,Cannot search.,"Log : 25.0 %
Url : 0.0 %","Log : Name""@Name'
Url : -",-,-,Server: nginx/1.19.0,/home/anubhav/tools/smart_scan/logs/testphp.vulnweb.com_80/http_testphp.vulnweb.com_80_20230512121123062.log,2023/05/12 12:11:23
testphp.vulnweb.com,44.228.249.3,80,Unknown,Crawling,http://testphp.vulnweb.com/,http://testphp.vulnweb.com:80/artists.php?artist=2,-,-,-,-,-,-,"Log : 25.0 %
Url : 0.0 %","Log : Name""@Name'
Url : -",-,"""<b>Warning</b>: This is not a real shop. This is an example PHP""",Server: nginx/1.19.0,/home/anubhav/tools/smart_scan/logs/testphp.vulnweb.com_80/http_testphp.vulnweb.com_80_20230512121123062.log,2023/05/12 12:11:23
testphp.vulnweb.com,44.228.249.3,80,Unknown,Crawling,http://testphp.vulnweb.com/,http://testphp.vulnweb.com:80/artists.php?artist=2,-,-,-,-,-,-,"Log : 25.0 %
Url : 0.0 %","Log : Name""@Name'
Url : -",-,"""errors""",Server: nginx/1.19.0,/home/anubhav/tools/smart_scan/logs/testphp.vulnweb.com_80/http_testphp.vulnweb.com_80_20230512121123062.log,2023/05/12 12:11:23
testphp.vulnweb.com,44.228.249.3,80,Unknown,Crawling,http://testphp.vulnweb.com/,http://testphp.vulnweb.com:80/categories.php,-,-,-,-,-,-,"Log : 25.0 %
Url : 0.0 %","Log : Name""
Url : -",-,-,Server: nginx/1.19.0,/home/anubhav/tools/smart_scan/logs/testphp.vulnweb.com_80/http_testphp.vulnweb.com_80_20230512121124808.log,2023/05/12 12:11:24
testphp.vulnweb.com,44.228.249.3,80,Unknown,Crawling,http://testphp.vulnweb.com/,http://testphp.vulnweb.com:80/categories.php,nginx,nginx,*,nginx,Web,Cannot search.,"Log : 25.0 %
Url : 0.0 %","Log : Name""
Url : -",-,-,Server: nginx/1.19.0,/home/anubhav/tools/smart_scan/logs/testphp.vulnweb.com_80/http_testphp.vulnweb.com_80_20230512121124808.log,2023/05/12 12:11:24
testphp.vulnweb.com,44.228.249.3,80,Unknown,Crawling,http://testphp.vulnweb.com/,http://testphp.vulnweb.com:80/categories.php,nginx,nginx,1.19.0,nginx/1.19.0,Web,Cannot search.,"Log : 25.0 %
Url : 0.0 %","Log : Name""
Url : -",-,-,Server: nginx/1.19.0,/home/anubhav/tools/smart_scan/logs/testphp.vulnweb.com_80/http_testphp.vulnweb.com_80_20230512121124808.log,2023/05/12 12:11:24
testphp.vulnweb.com,44.228.249.3,80,Unknown,Crawling,http://testphp.vulnweb.com/,http://testphp.vulnweb.com:80/categories.php,php,php,5.6.40,PHP/5.6.40,Language,Cannot search.,"Log : 25.0 %
Url : 0.0 %","Log : Name""
Url : -",-,-,Server: nginx/1.19.0,/home/anubhav/tools/smart_scan/logs/testphp.vulnweb.com_80/http_testphp.vulnweb.com_80_20230512121124808.log,2023/05/12 12:11:24
testphp.vulnweb.com,44.228.249.3,80,Unknown,Crawling,http://testphp.vulnweb.com/,http://testphp.vulnweb.com:80/categories.php,-,-,-,-,-,-,"Log : 25.0 %
Url : 0.0 %","Log : Name""
Url : -",-,"""<b>Warning</b>: This is not a real shop. This is an example PHP""",Server: nginx/1.19.0,/home/anubhav/tools/smart_scan/logs/testphp.vulnweb.com_80/http_testphp.vulnweb.com_80_20230512121124808.log,2023/05/12 12:11:24
testphp.vulnweb.com,44.228.249.3,80,Unknown,Crawling,http://testphp.vulnweb.com/,http://testphp.vulnweb.com:80/categories.php,-,-,-,-,-,-,"Log : 25.0 %
Url : 0.0 %","Log : Name""
Url : -",-,"""errors""",Server: nginx/1.19.0,/home/anubhav/tools/smart_scan/logs/testphp.vulnweb.com_80/http_testphp.vulnweb.com_80_20230512121124808.log,2023/05/12 12:11:24
testphp.vulnweb.com,44.228.249.3,80,Unknown,Crawling,http://testphp.vulnweb.com/,http://testphp.vulnweb.com:80/artists.php?artist=1,-,-,-,-,-,-,"Log : 25.0 %
Url : 0.0 %","Log : Name""@Name'
Url : -",-,-,Server: nginx/1.19.0,/home/anubhav/tools/smart_scan/logs/testphp.vulnweb.com_80/http_testphp.vulnweb.com_80_20230512121126891.log,2023/05/12 12:11:26
testphp.vulnweb.com,44.228.249.3,80,Unknown,Crawling,http://testphp.vulnweb.com/,http://testphp.vulnweb.com:80/artists.php?artist=1,nginx,nginx,*,nginx,Web,Cannot search.,"Log : 25.0 %
Url : 0.0 %","Log : Name""@Name'
Url : -",-,-,Server: nginx/1.19.0,/home/anubhav/tools/smart_scan/logs/testphp.vulnweb.com_80/http_testphp.vulnweb.com_80_20230512121126891.log,2023/05/12 12:11:26
testphp.vulnweb.com,44.228.249.3,80,Unknown,Crawling,http://testphp.vulnweb.com/,http://testphp.vulnweb.com:80/artists.php?artist=1,nginx,nginx,1.19.0,nginx/1.19.0,Web,Cannot search.,"Log : 25.0 %
Url : 0.0 %","Log : Name""@Name'
Url : -",-,-,Server: nginx/1.19.0,/home/anubhav/tools/smart_scan/logs/testphp.vulnweb.com_80/http_testphp.vulnweb.com_80_20230512121126891.log,2023/05/12 12:11:26
testphp.vulnweb.com,44.228.249.3,80,Unknown,Crawling,http://testphp.vulnweb.com/,http://testphp.vulnweb.com:80/artists.php?artist=1,php,php,5.6.40,PHP/5.6.40,Language,Cannot search.,"Log : 25.0 %
Url : 0.0 %","Log : Name""@Name'
Url : -",-,-,Server: nginx/1.19.0,/home/anubhav/tools/smart_scan/logs/testphp.vulnweb.com_80/http_testphp.vulnweb.com_80_20230512121126891.log,2023/05/12 12:11:26
testphp.vulnweb.com,44.228.249.3,80,Unknown,Crawling,http://testphp.vulnweb.com/,http://testphp.vulnweb.com:80/artists.php?artist=1,-,-,-,-,-,-,"Log : 25.0 %
Url : 0.0 %","Log : Name""@Name'
Url : -",-,"""<b>Warning</b>: This is not a real shop. This is an example PHP""",Server: nginx/1.19.0,/home/anubhav/tools/smart_scan/logs/testphp.vulnweb.com_80/http_testphp.vulnweb.com_80_20230512121126891.log,2023/05/12 12:11:26
testphp.vulnweb.com,44.228.249.3,80,Unknown,Crawling,http://testphp.vulnweb.com/,http://testphp.vulnweb.com:80/artists.php?artist=1,-,-,-,-,-,-,"Log : 25.0 %
Url : 0.0 %","Log : Name""@Name'
Url : -",-,"""errors""",Server: nginx/1.19.0,/home/anubhav/tools/smart_scan/logs/testphp.vulnweb.com_80/http_testphp.vulnweb.com_80_20230512121126891.log,2023/05/12 12:11:26
testphp.vulnweb.com,44.228.249.3,80,Unknown,Crawling,http://testphp.vulnweb.com/,http://testphp.vulnweb.com:80/Mod_Rewrite_Shop/,-,-,-,-,-,-,"Log : - %
Url : 0.0 %","Log : -
Url : -",-,-,Server: nginx/1.19.0,/home/anubhav/tools/smart_scan/logs/testphp.vulnweb.com_80/http_testphp.vulnweb.com_80_20230512121128729.log,2023/05/12 12:11:28
testphp.vulnweb.com,44.228.249.3,80,Unknown,Crawling,http://testphp.vulnweb.com/,http://testphp.vulnweb.com:80/Mod_Rewrite_Shop/,nginx,nginx,*,nginx,Web,Cannot search.,"Log : - %
Url : 0.0 %","Log : -
Url : -",-,-,Server: nginx/1.19.0,/home/anubhav/tools/smart_scan/logs/testphp.vulnweb.com_80/http_testphp.vulnweb.com_80_20230512121128729.log,2023/05/12 12:11:28
testphp.vulnweb.com,44.228.249.3,80,Unknown,Crawling,http://testphp.vulnweb.com/,http://testphp.vulnweb.com:80/Mod_Rewrite_Shop/,nginx,nginx,1.19.0,nginx/1.19.0,Web,Cannot search.,"Log : - %
Url : 0.0 %","Log : -
Url : -",-,-,Server: nginx/1.19.0,/home/anubhav/tools/smart_scan/logs/testphp.vulnweb.com_80/http_testphp.vulnweb.com_80_20230512121128729.log,2023/05/12 12:11:28
testphp.vulnweb.com,44.228.249.3,80,Unknown,Crawling,http://testphp.vulnweb.com/,http://testphp.vulnweb.com:80/Mod_Rewrite_Shop/,php,php,5.6.40,PHP/5.6.40,Language,Cannot search.,"Log : - %
Url : 0.0 %","Log : -
Url : -",-,-,Server: nginx/1.19.0,/home/anubhav/tools/smart_scan/logs/testphp.vulnweb.com_80/http_testphp.vulnweb.com_80_20230512121128729.log,2023/05/12 12:11:28
testphp.vulnweb.com,44.228.249.3,80,Unknown,Crawling,http://testphp.vulnweb.com/,http://testphp.vulnweb.com:80/listproducts.php?cat=4,-,-,-,-,-,-,"Log : 25.0 %
Url : 0.0 %","Log : Name""
Url : -",-,-,Server: nginx/1.19.0,/home/anubhav/tools/smart_scan/logs/testphp.vulnweb.com_80/http_testphp.vulnweb.com_80_20230512121130994.log,2023/05/12 12:11:30
testphp.vulnweb.com,44.228.249.3,80,Unknown,Crawling,http://testphp.vulnweb.com/,http://testphp.vulnweb.com:80/listproducts.php?cat=4,nginx,nginx,*,nginx,Web,Cannot search.,"Log : 25.0 %
Url : 0.0 %","Log : Name""
Url : -",-,-,Server: nginx/1.19.0,/home/anubhav/tools/smart_scan/logs/testphp.vulnweb.com_80/http_testphp.vulnweb.com_80_20230512121130994.log,2023/05/12 12:11:30
testphp.vulnweb.com,44.228.249.3,80,Unknown,Crawling,http://testphp.vulnweb.com/,http://testphp.vulnweb.com:80/listproducts.php?cat=4,nginx,nginx,1.19.0,nginx/1.19.0,Web,Cannot search.,"Log : 25.0 %
Url : 0.0 %","Log : Name""
Url : -",-,-,Server: nginx/1.19.0,/home/anubhav/tools/smart_scan/logs/testphp.vulnweb.com_80/http_testphp.vulnweb.com_80_20230512121130994.log,2023/05/12 12:11:30
testphp.vulnweb.com,44.228.249.3,80,Unknown,Crawling,http://testphp.vulnweb.com/,http://testphp.vulnweb.com:80/listproducts.php?cat=4,php,php,5.6.40,PHP/5.6.40,Language,Cannot search.,"Log : 25.0 %
Url : 0.0 %","Log : Name""
Url : -",-,-,Server: nginx/1.19.0,/home/anubhav/tools/smart_scan/logs/testphp.vulnweb.com_80/http_testphp.vulnweb.com_80_20230512121130994.log,2023/05/12 12:11:30
testphp.vulnweb.com,44.228.249.3,80,Unknown,Crawling,http://testphp.vulnweb.com/,http://testphp.vulnweb.com:80/listproducts.php?cat=4,-,-,-,-,-,-,"Log : 25.0 %
Url : 0.0 %","Log : Name""
Url : -",-,"""<b>Warning</b>: This is not a real shop. This is an example PHP""",Server: nginx/1.19.0,/home/anubhav/tools/smart_scan/logs/testphp.vulnweb.com_80/http_testphp.vulnweb.com_80_20230512121130994.log,2023/05/12 12:11:30
testphp.vulnweb.com,44.228.249.3,80,Unknown,Crawling,http://testphp.vulnweb.com/,http://testphp.vulnweb.com:80/listproducts.php?cat=4,-,-,-,-,-,-,"Log : 25.0 %
Url : 0.0 %","Log : Name""
Url : -",-,"""errors""",Server: nginx/1.19.0,/home/anubhav/tools/smart_scan/logs/testphp.vulnweb.com_80/http_testphp.vulnweb.com_80_20230512121130994.log,2023/05/12 12:11:30
testphp.vulnweb.com,44.228.249.3,80,Unknown,Crawling,http://testphp.vulnweb.com/,http://testphp.vulnweb.com/favicon.ico,-,-,-,-,-,-,"Log : - %
Url : 0.0 %","Log : -
Url : -",-,-,Server: nginx/1.19.0,/home/anubhav/tools/smart_scan/logs/testphp.vulnweb.com_80/http_testphp.vulnweb.com_80_20230512121133109.log,2023/05/12 12:11:33
testphp.vulnweb.com,44.228.249.3,80,Unknown,Crawling,http://testphp.vulnweb.com/,http://testphp.vulnweb.com/favicon.ico,nginx,nginx,*,nginx,Web,Cannot search.,"Log : - %
Url : 0.0 %","Log : -
Url : -",-,-,Server: nginx/1.19.0,/home/anubhav/tools/smart_scan/logs/testphp.vulnweb.com_80/http_testphp.vulnweb.com_80_20230512121133109.log,2023/05/12 12:11:33
testphp.vulnweb.com,44.228.249.3,80,Unknown,Crawling,http://testphp.vulnweb.com/,http://testphp.vulnweb.com/favicon.ico,nginx,nginx,1.19.0,nginx/1.19.0,Web,Cannot search.,"Log : - %
Url : 0.0 %","Log : -
Url : -",-,-,Server: nginx/1.19.0,/home/anubhav/tools/smart_scan/logs/testphp.vulnweb.com_80/http_testphp.vulnweb.com_80_20230512121133109.log,2023/05/12 12:11:33
testphp.vulnweb.com,44.228.249.3,80,Unknown,Crawling,http://testphp.vulnweb.com/,http://testphp.vulnweb.com:80/login.php,-,-,-,-,-,-,"Log : 50.0 %
Url : 100.0 %","Log : Name""@username@<input name=""pass"" type=""password""@<input type=""submit"" value=""login@name""
Url : login",-,-,Server: nginx/1.19.0,/home/anubhav/tools/smart_scan/logs/testphp.vulnweb.com_80/http_testphp.vulnweb.com_80_20230512121134426.log,2023/05/12 12:11:34
testphp.vulnweb.com,44.228.249.3,80,Unknown,Crawling,http://testphp.vulnweb.com/,http://testphp.vulnweb.com:80/login.php,nginx,nginx,*,nginx,Web,Cannot search.,"Log : 50.0 %
Url : 100.0 %","Log : Name""@username@<input name=""pass"" type=""password""@<input type=""submit"" value=""login@name""
Url : login",-,-,Server: nginx/1.19.0,/home/anubhav/tools/smart_scan/logs/testphp.vulnweb.com_80/http_testphp.vulnweb.com_80_20230512121134426.log,2023/05/12 12:11:34
testphp.vulnweb.com,44.228.249.3,80,Unknown,Crawling,http://testphp.vulnweb.com/,http://testphp.vulnweb.com:80/login.php,nginx,nginx,1.19.0,nginx/1.19.0,Web,Cannot search.,"Log : 50.0 %
Url : 100.0 %","Log : Name""@username@<input name=""pass"" type=""password""@<input type=""submit"" value=""login@name""
Url : login",-,-,Server: nginx/1.19.0,/home/anubhav/tools/smart_scan/logs/testphp.vulnweb.com_80/http_testphp.vulnweb.com_80_20230512121134426.log,2023/05/12 12:11:34
testphp.vulnweb.com,44.228.249.3,80,Unknown,Crawling,http://testphp.vulnweb.com/,http://testphp.vulnweb.com:80/login.php,php,php,5.6.40,PHP/5.6.40,Language,Cannot search.,"Log : 50.0 %
Url : 100.0 %","Log : Name""@username@<input name=""pass"" type=""password""@<input type=""submit"" value=""login@name""
Url : login",-,-,Server: nginx/1.19.0,/home/anubhav/tools/smart_scan/logs/testphp.vulnweb.com_80/http_testphp.vulnweb.com_80_20230512121134426.log,2023/05/12 12:11:34
testphp.vulnweb.com,44.228.249.3,80,Unknown,Crawling,http://testphp.vulnweb.com/,http://testphp.vulnweb.com:80/login.php,-,-,-,-,-,-,"Log : 50.0 %
Url : 100.0 %","Log : Name""@username@<input name=""pass"" type=""password""@<input type=""submit"" value=""login@name""
Url : login",-,"""<b>Warning</b>: This is not a real shop. This is an example PHP""",Server: nginx/1.19.0,/home/anubhav/tools/smart_scan/logs/testphp.vulnweb.com_80/http_testphp.vulnweb.com_80_20230512121134426.log,2023/05/12 12:11:34
testphp.vulnweb.com,44.228.249.3,80,Unknown,Crawling,http://testphp.vulnweb.com/,http://testphp.vulnweb.com:80/login.php,-,-,-,-,-,-,"Log : 50.0 %
Url : 100.0 %","Log : Name""@username@<input name=""pass"" type=""password""@<input type=""submit"" value=""login@name""
Url : login",-,"""errors""",Server: nginx/1.19.0,/home/anubhav/tools/smart_scan/logs/testphp.vulnweb.com_80/http_testphp.vulnweb.com_80_20230512121134426.log,2023/05/12 12:11:34
testphp.vulnweb.com,44.228.249.3,80,Unknown,Crawling,http://testphp.vulnweb.com/,http://testphp.vulnweb.com:80/AJAX/index.php,-,-,-,-,-,-,"Log : 25.0 %
Url : 0.0 %","Log : name'
Url : -",-,-,Server: nginx/1.19.0,/home/anubhav/tools/smart_scan/logs/testphp.vulnweb.com_80/http_testphp.vulnweb.com_80_20230512121136432.log,2023/05/12 12:11:36
testphp.vulnweb.com,44.228.249.3,80,Unknown,Crawling,http://testphp.vulnweb.com/,http://testphp.vulnweb.com:80/AJAX/index.php,nginx,nginx,*,nginx,Web,Cannot search.,"Log : 25.0 %
Url : 0.0 %","Log : name'
Url : -",-,-,Server: nginx/1.19.0,/home/anubhav/tools/smart_scan/logs/testphp.vulnweb.com_80/http_testphp.vulnweb.com_80_20230512121136432.log,2023/05/12 12:11:36
testphp.vulnweb.com,44.228.249.3,80,Unknown,Crawling,http://testphp.vulnweb.com/,http://testphp.vulnweb.com:80/AJAX/index.php,nginx,nginx,1.19.0,nginx/1.19.0,Web,Cannot search.,"Log : 25.0 %
Url : 0.0 %","Log : name'
Url : -",-,-,Server: nginx/1.19.0,/home/anubhav/tools/smart_scan/logs/testphp.vulnweb.com_80/http_testphp.vulnweb.com_80_20230512121136432.log,2023/05/12 12:11:36
testphp.vulnweb.com,44.228.249.3,80,Unknown,Crawling,http://testphp.vulnweb.com/,http://testphp.vulnweb.com:80/AJAX/index.php,php,php,5.6.40,PHP/5.6.40,Language,Cannot search.,"Log : 25.0 %
Url : 0.0 %","Log : name'
Url : -",-,-,Server: nginx/1.19.0,/home/anubhav/tools/smart_scan/logs/testphp.vulnweb.com_80/http_testphp.vulnweb.com_80_20230512121136432.log,2023/05/12 12:11:36
testphp.vulnweb.com,44.228.249.3,80,Unknown,Crawling,http://testphp.vulnweb.com/,http://testphp.vulnweb.com:80/disclaimer.php,-,-,-,-,-,-,"Log : 25.0 %
Url : 0.0 %","Log : Name""
Url : -",-,-,Server: nginx/1.19.0,/home/anubhav/tools/smart_scan/logs/testphp.vulnweb.com_80/http_testphp.vulnweb.com_80_20230512121137881.log,2023/05/12 12:11:37
testphp.vulnweb.com,44.228.249.3,80,Unknown,Crawling,http://testphp.vulnweb.com/,http://testphp.vulnweb.com:80/disclaimer.php,nginx,nginx,*,nginx,Web,Cannot search.,"Log : 25.0 %
Url : 0.0 %","Log : Name""
Url : -",-,-,Server: nginx/1.19.0,/home/anubhav/tools/smart_scan/logs/testphp.vulnweb.com_80/http_testphp.vulnweb.com_80_20230512121137881.log,2023/05/12 12:11:37
testphp.vulnweb.com,44.228.249.3,80,Unknown,Crawling,http://testphp.vulnweb.com/,http://testphp.vulnweb.com:80/disclaimer.php,nginx,nginx,1.19.0,nginx/1.19.0,Web,Cannot search.,"Log : 25.0 %
Url : 0.0 %","Log : Name""
Url : -",-,-,Server: nginx/1.19.0,/home/anubhav/tools/smart_scan/logs/testphp.vulnweb.com_80/http_testphp.vulnweb.com_80_20230512121137881.log,2023/05/12 12:11:37
testphp.vulnweb.com,44.228.249.3,80,Unknown,Crawling,http://testphp.vulnweb.com/,http://testphp.vulnweb.com:80/disclaimer.php,php,php,5.6.40,PHP/5.6.40,Language,Cannot search.,"Log : 25.0 %
Url : 0.0 %","Log : Name""
Url : -",-,-,Server: nginx/1.19.0,/home/anubhav/tools/smart_scan/logs/testphp.vulnweb.com_80/http_testphp.vulnweb.com_80_20230512121137881.log,2023/05/12 12:11:37
testphp.vulnweb.com,44.228.249.3,80,Unknown,Crawling,http://testphp.vulnweb.com/,http://testphp.vulnweb.com:80/disclaimer.php,-,-,-,-,-,-,"Log : 25.0 %
Url : 0.0 %","Log : Name""
Url : -",-,"""<b>Warning</b>: This is not a real shop. This is an example PHP""",Server: nginx/1.19.0,/home/anubhav/tools/smart_scan/logs/testphp.vulnweb.com_80/http_testphp.vulnweb.com_80_20230512121137881.log,2023/05/12 12:11:37
testphp.vulnweb.com,44.228.249.3,80,Unknown,Crawling,http://testphp.vulnweb.com/,http://testphp.vulnweb.com:80/disclaimer.php,-,-,-,-,-,-,"Log : 25.0 %
Url : 0.0 %","Log : Name""
Url : -",-,"""errors""",Server: nginx/1.19.0,/home/anubhav/tools/smart_scan/logs/testphp.vulnweb.com_80/http_testphp.vulnweb.com_80_20230512121137881.log,2023/05/12 12:11:37
testphp.vulnweb.com,44.228.249.3,80,Unknown,Crawling,http://testphp.vulnweb.com/,http://testphp.vulnweb.com:80/artists.php,-,-,-,-,-,-,"Log : 25.0 %
Url : 0.0 %","Log : Name""
Url : -",-,-,Server: nginx/1.19.0,/home/anubhav/tools/smart_scan/logs/testphp.vulnweb.com_80/http_testphp.vulnweb.com_80_20230512121139524.log,2023/05/12 12:11:39
testphp.vulnweb.com,44.228.249.3,80,Unknown,Crawling,http://testphp.vulnweb.com/,http://testphp.vulnweb.com:80/artists.php,nginx,nginx,*,nginx,Web,Cannot search.,"Log : 25.0 %
Url : 0.0 %","Log : Name""
Url : -",-,-,Server: nginx/1.19.0,/home/anubhav/tools/smart_scan/logs/testphp.vulnweb.com_80/http_testphp.vulnweb.com_80_20230512121139524.log,2023/05/12 12:11:39
testphp.vulnweb.com,44.228.249.3,80,Unknown,Crawling,http://testphp.vulnweb.com/,http://testphp.vulnweb.com:80/artists.php,nginx,nginx,1.19.0,nginx/1.19.0,Web,Cannot search.,"Log : 25.0 %
Url : 0.0 %","Log : Name""
Url : -",-,-,Server: nginx/1.19.0,/home/anubhav/tools/smart_scan/logs/testphp.vulnweb.com_80/http_testphp.vulnweb.com_80_20230512121139524.log,2023/05/12 12:11:39
testphp.vulnweb.com,44.228.249.3,80,Unknown,Crawling,http://testphp.vulnweb.com/,http://testphp.vulnweb.com:80/artists.php,php,php,5.6.40,PHP/5.6.40,Language,Cannot search.,"Log : 25.0 %
Url : 0.0 %","Log : Name""
Url : -",-,-,Server: nginx/1.19.0,/home/anubhav/tools/smart_scan/logs/testphp.vulnweb.com_80/http_testphp.vulnweb.com_80_20230512121139524.log,2023/05/12 12:11:39
testphp.vulnweb.com,44.228.249.3,80,Unknown,Crawling,http://testphp.vulnweb.com/,http://testphp.vulnweb.com:80/artists.php,-,-,-,-,-,-,"Log : 25.0 %
Url : 0.0 %","Log : Name""
Url : -",-,"""<b>Warning</b>: This is not a real shop. This is an example PHP""",Server: nginx/1.19.0,/home/anubhav/tools/smart_scan/logs/testphp.vulnweb.com_80/http_testphp.vulnweb.com_80_20230512121139524.log,2023/05/12 12:11:39
testphp.vulnweb.com,44.228.249.3,80,Unknown,Crawling,http://testphp.vulnweb.com/,http://testphp.vulnweb.com:80/artists.php,-,-,-,-,-,-,"Log : 25.0 %
Url : 0.0 %","Log : Name""
Url : -",-,"""errors""",Server: nginx/1.19.0,/home/anubhav/tools/smart_scan/logs/testphp.vulnweb.com_80/http_testphp.vulnweb.com_80_20230512121139524.log,2023/05/12 12:11:39
testphp.vulnweb.com,44.228.249.3,80,Unknown,Crawling,http://testphp.vulnweb.com/,http://testphp.vulnweb.com:80/index.php,-,-,-,-,-,-,"Log : 25.0 %
Url : 0.0 %","Log : Name""
Url : -",-,-,Server: nginx/1.19.0,/home/anubhav/tools/smart_scan/logs/testphp.vulnweb.com_80/http_testphp.vulnweb.com_80_20230512121141955.log,2023/05/12 12:11:41
testphp.vulnweb.com,44.228.249.3,80,Unknown,Crawling,http://testphp.vulnweb.com/,http://testphp.vulnweb.com:80/index.php,nginx,nginx,*,nginx,Web,Cannot search.,"Log : 25.0 %
Url : 0.0 %","Log : Name""
Url : -",-,-,Server: nginx/1.19.0,/home/anubhav/tools/smart_scan/logs/testphp.vulnweb.com_80/http_testphp.vulnweb.com_80_20230512121141955.log,2023/05/12 12:11:41
testphp.vulnweb.com,44.228.249.3,80,Unknown,Crawling,http://testphp.vulnweb.com/,http://testphp.vulnweb.com:80/index.php,nginx,nginx,1.19.0,nginx/1.19.0,Web,Cannot search.,"Log : 25.0 %
Url : 0.0 %","Log : Name""
Url : -",-,-,Server: nginx/1.19.0,/home/anubhav/tools/smart_scan/logs/testphp.vulnweb.com_80/http_testphp.vulnweb.com_80_20230512121141955.log,2023/05/12 12:11:41
testphp.vulnweb.com,44.228.249.3,80,Unknown,Crawling,http://testphp.vulnweb.com/,http://testphp.vulnweb.com:80/index.php,php,php,5.6.40,PHP/5.6.40,Language,Cannot search.,"Log : 25.0 %
Url : 0.0 %","Log : Name""
Url : -",-,-,Server: nginx/1.19.0,/home/anubhav/tools/smart_scan/logs/testphp.vulnweb.com_80/http_testphp.vulnweb.com_80_20230512121141955.log,2023/05/12 12:11:41
testphp.vulnweb.com,44.228.249.3,80,Unknown,Crawling,http://testphp.vulnweb.com/,http://testphp.vulnweb.com:80/index.php,-,-,-,-,-,-,"Log : 25.0 %
Url : 0.0 %","Log : Name""
Url : -",-,"""<b>Warning</b>: This is not a real shop. This is an example PHP""",Server: nginx/1.19.0,/home/anubhav/tools/smart_scan/logs/testphp.vulnweb.com_80/http_testphp.vulnweb.com_80_20230512121141955.log,2023/05/12 12:11:41
testphp.vulnweb.com,44.228.249.3,80,Unknown,Crawling,http://testphp.vulnweb.com/,http://testphp.vulnweb.com:80/index.php,-,-,-,-,-,-,"Log : 25.0 %
Url : 0.0 %","Log : Name""
Url : -",-,"""errors""",Server: nginx/1.19.0,/home/anubhav/tools/smart_scan/logs/testphp.vulnweb.com_80/http_testphp.vulnweb.com_80_20230512121141955.log,2023/05/12 12:11:41
testphp.vulnweb.com,44.228.249.3,80,Unknown,Crawling,http://testphp.vulnweb.com/,http://testphp.vulnweb.com:80/listproducts.php?cat=3,-,-,-,-,-,-,"Log : 25.0 %
Url : 0.0 %","Log : Name""
Url : -",-,-,Server: nginx/1.19.0,/home/anubhav/tools/smart_scan/logs/testphp.vulnweb.com_80/http_testphp.vulnweb.com_80_20230512121143795.log,2023/05/12 12:11:43
testphp.vulnweb.com,44.228.249.3,80,Unknown,Crawling,http://testphp.vulnweb.com/,http://testphp.vulnweb.com:80/listproducts.php?cat=3,nginx,nginx,*,nginx,Web,Cannot search.,"Log : 25.0 %
Url : 0.0 %","Log : Name""
Url : -",-,-,Server: nginx/1.19.0,/home/anubhav/tools/smart_scan/logs/testphp.vulnweb.com_80/http_testphp.vulnweb.com_80_20230512121143795.log,2023/05/12 12:11:43
testphp.vulnweb.com,44.228.249.3,80,Unknown,Crawling,http://testphp.vulnweb.com/,http://testphp.vulnweb.com:80/listproducts.php?cat=3,nginx,nginx,1.19.0,nginx/1.19.0,Web,Cannot search.,"Log : 25.0 %
Url : 0.0 %","Log : Name""
Url : -",-,-,Server: nginx/1.19.0,/home/anubhav/tools/smart_scan/logs/testphp.vulnweb.com_80/http_testphp.vulnweb.com_80_20230512121143795.log,2023/05/12 12:11:43
testphp.vulnweb.com,44.228.249.3,80,Unknown,Crawling,http://testphp.vulnweb.com/,http://testphp.vulnweb.com:80/listproducts.php?cat=3,php,php,5.6.40,PHP/5.6.40,Language,Cannot search.,"Log : 25.0 %
Url : 0.0 %","Log : Name""
Url : -",-,-,Server: nginx/1.19.0,/home/anubhav/tools/smart_scan/logs/testphp.vulnweb.com_80/http_testphp.vulnweb.com_80_20230512121143795.log,2023/05/12 12:11:43
testphp.vulnweb.com,44.228.249.3,80,Unknown,Crawling,http://testphp.vulnweb.com/,http://testphp.vulnweb.com:80/listproducts.php?cat=3,-,-,-,-,-,-,"Log : 25.0 %
Url : 0.0 %","Log : Name""
Url : -",-,"""<b>Warning</b>: This is not a real shop. This is an example PHP""",Server: nginx/1.19.0,/home/anubhav/tools/smart_scan/logs/testphp.vulnweb.com_80/http_testphp.vulnweb.com_80_20230512121143795.log,2023/05/12 12:11:43
testphp.vulnweb.com,44.228.249.3,80,Unknown,Crawling,http://testphp.vulnweb.com/,http://testphp.vulnweb.com:80/listproducts.php?cat=3,-,-,-,-,-,-,"Log : 25.0 %
Url : 0.0 %","Log : Name""
Url : -",-,"""errors""",Server: nginx/1.19.0,/home/anubhav/tools/smart_scan/logs/testphp.vulnweb.com_80/http_testphp.vulnweb.com_80_20230512121143795.log,2023/05/12 12:11:43
testphp.vulnweb.com,44.228.249.3,80,Unknown,Crawling,http://testphp.vulnweb.com/,http://testphp.vulnweb.com:80/cart.php,-,-,-,-,-,-,"Log : 37.5 %
Url : 0.0 %","Log : Name""@Name'@log on
Url : -",-,-,Server: nginx/1.19.0,/home/anubhav/tools/smart_scan/logs/testphp.vulnweb.com_80/http_testphp.vulnweb.com_80_20230512121145401.log,2023/05/12 12:11:45
testphp.vulnweb.com,44.228.249.3,80,Unknown,Crawling,http://testphp.vulnweb.com/,http://testphp.vulnweb.com:80/cart.php,nginx,nginx,*,nginx,Web,Cannot search.,"Log : 37.5 %
Url : 0.0 %","Log : Name""@Name'@log on
Url : -",-,-,Server: nginx/1.19.0,/home/anubhav/tools/smart_scan/logs/testphp.vulnweb.com_80/http_testphp.vulnweb.com_80_20230512121145401.log,2023/05/12 12:11:45
testphp.vulnweb.com,44.228.249.3,80,Unknown,Crawling,http://testphp.vulnweb.com/,http://testphp.vulnweb.com:80/cart.php,nginx,nginx,1.19.0,nginx/1.19.0,Web,Cannot search.,"Log : 37.5 %
Url : 0.0 %","Log : Name""@Name'@log on
Url : -",-,-,Server: nginx/1.19.0,/home/anubhav/tools/smart_scan/logs/testphp.vulnweb.com_80/http_testphp.vulnweb.com_80_20230512121145401.log,2023/05/12 12:11:45
testphp.vulnweb.com,44.228.249.3,80,Unknown,Crawling,http://testphp.vulnweb.com/,http://testphp.vulnweb.com:80/cart.php,php,php,5.6.40,PHP/5.6.40,Language,Cannot search.,"Log : 37.5 %
Url : 0.0 %","Log : Name""@Name'@log on
Url : -",-,-,Server: nginx/1.19.0,/home/anubhav/tools/smart_scan/logs/testphp.vulnweb.com_80/http_testphp.vulnweb.com_80_20230512121145401.log,2023/05/12 12:11:45
testphp.vulnweb.com,44.228.249.3,80,Unknown,Crawling,http://testphp.vulnweb.com/,http://testphp.vulnweb.com:80/cart.php,-,-,-,-,-,-,"Log : 37.5 %
Url : 0.0 %","Log : Name""@Name'@log on
Url : -",-,"""<b>Warning</b>: This is not a real shop. This is an example PHP""",Server: nginx/1.19.0,/home/anubhav/tools/smart_scan/logs/testphp.vulnweb.com_80/http_testphp.vulnweb.com_80_20230512121145401.log,2023/05/12 12:11:45
testphp.vulnweb.com,44.228.249.3,80,Unknown,Crawling,http://testphp.vulnweb.com/,http://testphp.vulnweb.com:80/cart.php,-,-,-,-,-,-,"Log : 37.5 %
Url : 0.0 %","Log : Name""@Name'@log on
Url : -",-,"""errors""",Server: nginx/1.19.0,/home/anubhav/tools/smart_scan/logs/testphp.vulnweb.com_80/http_testphp.vulnweb.com_80_20230512121145401.log,2023/05/12 12:11:45
